{
  "model": "logreg_grid_c0.1_mfNone_cwnone_dropcampaign1",
  "public_f1": 0.5616377392078327,
  "threshold": 0.3003563612121632,
  "accuracy": 0.6716666666666666,
  "precision": 0.4636296840558413,
  "recall": 0.7121896162528216,
  "positive_predictions": 1361
}