{
  "public_f1": 0.5645302897278315,
  "threshold": 0.4351615123442512,
  "accuracy": 0.6693333333333333,
  "precision": 0.4619252873563218,
  "recall": 0.7257336343115124,
  "positive_predictions": 1392,
  "model": "rand1251_logreg_0.7302_s42_0.1530_s7_0.0074_s99_0.0156_s123_0.0249_s2024_0.0077_s31415_0.0466_s2718_0.0146"
}