{
  "public_f1": 0.5645302897278315,
  "threshold": 0.435711730681513,
  "accuracy": 0.6693333333333333,
  "precision": 0.4619252873563218,
  "recall": 0.7257336343115124,
  "positive_predictions": 1392,
  "model": "random_seed_blend_30_logreg_0.733_s42_0.124_s7_0.034_s99_0.109"
}