{
  "model": "tabpfn_cpu_n2_train10000",
  "public_f1": 0.5543271063667556,
  "threshold": 0.22499999999999998,
  "accuracy": 0.6103333333333333,
  "precision": 0.4185377086931491,
  "recall": 0.8205417607223476,
  "positive_predictions": 1737,
  "elapsed_seconds": 65.376,
  "train_rows": 10000
}