{
  "model": "tabpfn_cpu_n1_train500",
  "public_f1": 0.5509973654497554,
  "threshold": 0.22999999999999998,
  "accuracy": 0.6023333333333334,
  "precision": 0.41332580463015245,
  "recall": 0.8261851015801355,
  "positive_predictions": 1771,
  "elapsed_seconds": 24.209,
  "train_rows": 500
}